ID,Name,SKU,Brand,Price,Stock,Category,CreatedAt
691eea31d807d09a682b5205,"70MAI REARVIEW DASH CAM S500 3K DUAL HDR",,,17999,0,ACCESSORIES,2025-11-20T10:15:13.299Z
691eebec188567ad038a71ee,"70MAI REARVIEW DASH CAM S500 3K DUAL HDR",,,17999,0,ACCESSORIES,2025-11-20T10:22:36.295Z
691eea60d807d09a682b56a9,"Alfa Roof Rack with Fenders for Toyota Hilux",,,57300,0,ACCESSORIES,2025-11-20T10:16:00.516Z
691eec67188567ad038a7662,"Alfa Roof Rack with Fenders for Toyota Hilux",,,57300,0,ACCESSORIES,2025-11-20T10:24:39.904Z
691eea24d807d09a682b5089,"BAZARD Floor Mat for Hilux",,,9500,0,ACCESSORIES,2025-11-20T10:15:00.363Z
691eebcc188567ad038a707c,"BAZARD Floor Mat for Hilux",,,9500,0,ACCESSORIES,2025-11-20T10:22:04.873Z
691eea17d807d09a682b4fd5,"Bash plate for Toyota Hilux",,,8500,0,ACCESSORIES,2025-11-20T10:14:47.771Z
691eebbb188567ad038a6fd7,"Bash plate for Toyota Hilux",,,8500,0,ACCESSORIES,2025-11-20T10:21:47.455Z
691eea3dd807d09a682b5409,"Bushranger  Diggar Shovel",,,10650,0,ACCESSORIES,2025-11-20T10:15:25.298Z
691eec0f188567ad038a73e9,"Bushranger  Diggar Shovel",,,10650,0,ACCESSORIES,2025-11-20T10:23:11.350Z
691eea77d807d09a682b58ef,"Bushranger Black Max AIR Compressor",,,25450,0,ACCESSORIES,2025-11-20T10:16:23.121Z
691eec9e188567ad038a788e,"Bushranger Black Max AIR Compressor",,,25450,0,ACCESSORIES,2025-11-20T10:25:34.924Z
691eea72d807d09a682b58e5,"Bushranger DIRT BLOCKA Floor Mat (FRONT)",,,2750,0,ACCESSORIES,2025-11-20T10:16:18.020Z
691eec9b188567ad038a7885,"Bushranger DIRT BLOCKA Floor Mat (FRONT)",,,2750,0,ACCESSORIES,2025-11-20T10:25:31.014Z
691eea15d807d09a682b4f79,"Bushranger Kinetic Snatch Rope 9m 12,000kg",,,22800,0,ACCESSORIES,2025-11-20T10:14:45.762Z
691eebb5188567ad038a6f7c,"Bushranger Kinetic Snatch Rope 9m 12,000kg",,,22800,0,ACCESSORIES,2025-11-20T10:21:41.533Z
691eea71d807d09a682b58e0,"Bushranger MUD TAMER Floor Mat (REAR) - 1 Pair",,,3675,0,ACCESSORIES,2025-11-20T10:16:17.876Z
691eec9a188567ad038a7880,"Bushranger MUD TAMER Floor Mat (REAR) - 1 Pair",,,3675,0,ACCESSORIES,2025-11-20T10:25:30.875Z
691eea72d807d09a682b58e9,"Bushranger Max AIR III Compressor",,,38650,0,ACCESSORIES,2025-11-20T10:16:18.173Z
691eec9b188567ad038a7889,"Bushranger Max AIR III Compressor",,,38650,0,ACCESSORIES,2025-11-20T10:25:31.157Z
691eea70d807d09a682b58ae,"Bushranger TRI-Fold Shovel with Bag",,,3699,0,ACCESSORIES,2025-11-20T10:16:16.878Z
691eec96188567ad038a7851,"Bushranger TRI-Fold Shovel with Bag",,,3699,0,ACCESSORIES,2025-11-20T10:25:26.148Z
691eea16d807d09a682b4f94,"Bushranger Tree Trunk Protector | 11,000Kgs",,,6599,0,ACCESSORIES,2025-11-20T10:14:46.298Z
691eebb6188567ad038a6f97,"Bushranger Tree Trunk Protector | 11,000Kgs",,,6599,0,ACCESSORIES,2025-11-20T10:21:42.124Z
691eea3bd807d09a682b53b6,"Bushranger night hawk VLI 9 driving light protective covers",,,0,0,ACCESSORIES,2025-11-20T10:15:23.721Z
691eec0a188567ad038a7399,"Bushranger night hawk VLI 9 driving light protective covers",,,0,0,ACCESSORIES,2025-11-20T10:23:06.467Z
691eea1bd807d09a682b5048,"CARBON FIBER Rear window windshield scoop cover for FORD MUSTANG 2015-2023",,,19988,0,ACCESSORIES,2025-11-20T10:14:51.889Z
691eebc6188567ad038a7040,"CARBON FIBER Rear window windshield scoop cover for FORD MUSTANG 2015-2023",,,19988,0,ACCESSORIES,2025-11-20T10:21:58.337Z
691eea30d807d09a682b51c7,"CPL FILTER FOR 70MAI A810 DASHCAM",,,999,0,ACCESSORIES,2025-11-20T10:15:12.630Z
691eebe8188567ad038a71b1,"CPL FILTER FOR 70MAI A810 DASHCAM",,,999,0,ACCESSORIES,2025-11-20T10:22:32.014Z
691eea25d807d09a682b50bb,"Clearview Extendable Towing Mirrors",,,0,0,ACCESSORIES,2025-11-20T10:15:01.478Z
691eebd1188567ad038a70ab,"Clearview Extendable Towing Mirrors",,,0,0,ACCESSORIES,2025-11-20T10:22:09.202Z
691eea24d807d09a682b50a5,"Defender Automatic Deployable Side Steps",,,136500,0,ACCESSORIES,2025-11-20T10:15:00.943Z
691eebcd188567ad038a7098,"Defender Automatic Deployable Side Steps",,,136500,0,ACCESSORIES,2025-11-20T10:22:05.570Z
691eea55d807d09a682b559d,"Defender Style Roof Light-MahindraThar ROXX",,,17500,0,ACCESSORIES,2025-11-20T10:15:49.343Z
691eec39188567ad038a7560,"Defender Style Roof Light-MahindraThar ROXX",,,17500,0,ACCESSORIES,2025-11-20T10:23:53.763Z
691eeaadd807d09a682b5e06,"Ford Endeavour Premium Keycase (2019 +)",,,4352,0,ACCESSORIES,2025-11-20T10:17:17.511Z
691eed1a188567ad038a7d71,"Ford Endeavour Premium Keycase (2019 +)",,,4352,0,ACCESSORIES,2025-11-20T10:27:38.512Z
691eeaadd807d09a682b5e0b,"Ford Endeavour/ Everest Dicky Garnish",,,6500,0,ACCESSORIES,2025-11-20T10:17:17.739Z
691eed1e188567ad038a7d75,"Ford Endeavour/ Everest Dicky Garnish",,,6500,0,ACCESSORIES,2025-11-20T10:27:42.808Z
691eea0dd807d09a682b4f0e,"GR door Visors for Toyota Hycross",,,7500,0,ACCESSORIES,2025-11-20T10:14:37.065Z
691eeba8188567ad038a6f17,"GR door Visors for Toyota Hycross",,,7500,0,ACCESSORIES,2025-11-20T10:21:28.305Z
691eea58d807d09a682b5612,"GR‑Style Door Cladding (Small) for Toyota Hilux",,,17000,0,ACCESSORIES,2025-11-20T10:15:52.311Z
691eec57188567ad038a75d8,"GR‑Style Door Cladding (Small) for Toyota Hilux",,,17000,0,ACCESSORIES,2025-11-20T10:24:23.025Z
691eea56d807d09a682b55dc,"HEAVY DUTY ROOF RACK FOR HILUX",,,43500,0,ACCESSORIES,2025-11-20T10:15:50.760Z
691eec50188567ad038a759e,"HEAVY DUTY ROOF RACK FOR HILUX",,,43500,0,ACCESSORIES,2025-11-20T10:24:16.936Z
691eea31d807d09a682b5219,"Hamer Classic roll bar for isuzu",,,24990,0,ACCESSORIES,2025-11-20T10:15:13.626Z
691eebec188567ad038a7202,"Hamer Classic roll bar for isuzu",,,24990,0,ACCESSORIES,2025-11-20T10:22:36.685Z
691eea19d807d09a682b4ffc,"Hamer Lunar Carrier for Isuzu D-Max",,,34900,0,ACCESSORIES,2025-11-20T10:14:49.139Z
691eebc0188567ad038a6ffb,"Hamer Lunar Carrier for Isuzu D-Max",,,34900,0,ACCESSORIES,2025-11-20T10:21:52.091Z
691eea31d807d09a682b522f,"Hamer Premium roll bar for isuzu",,,30990,0,ACCESSORIES,2025-11-20T10:15:13.907Z
691eebed188567ad038a7218,"Hamer Premium roll bar for isuzu",,,30990,0,ACCESSORIES,2025-11-20T10:22:37.003Z
691eea18d807d09a682b4ff7,"Hamer Shadow side steps for Isuzu D-Max (2021–2024)",,,62490,0,ACCESSORIES,2025-11-20T10:14:48.973Z
691eebbf188567ad038a6ff6,"Hamer Shadow side steps for Isuzu D-Max (2021–2024)",,,62490,0,ACCESSORIES,2025-11-20T10:21:51.933Z
691eea31d807d09a682b5224,"Hamer Titanium Roll Bar for Isuzu",,,37490,0,ACCESSORIES,2025-11-20T10:15:13.782Z
691eebec188567ad038a720d,"Hamer Titanium Roll Bar for Isuzu",,,37490,0,ACCESSORIES,2025-11-20T10:22:36.851Z
691eea86d807d09a682b5a5d,"Hamer Warrior Plus Roll bar for Hilux",,,144000,0,ACCESSORIES,2025-11-20T10:16:38.425Z
691eecc7188567ad038a79e4,"Hamer Warrior Plus Roll bar for Hilux",,,144000,0,ACCESSORIES,2025-11-20T10:26:15.572Z
691eea7cd807d09a682b59ae,"Land Rover Defender 110 (2020+) Side Steps",,,43520,0,ACCESSORIES,2025-11-20T10:16:28.224Z
691eecb5188567ad038a7940,"Land Rover Defender 110 (2020+) Side Steps",,,43520,0,ACCESSORIES,2025-11-20T10:25:57.588Z
691eeaacd807d09a682b5ddb,"Land Rover Defender 2023 Stepney Cover",,,16000,0,ACCESSORIES,2025-11-20T10:17:16.792Z
691eed19188567ad038a7d46,"Land Rover Defender 2023 Stepney Cover",,,16000,0,ACCESSORIES,2025-11-20T10:27:37.660Z
691ee9ffd807d09a682b4daa,"Land Rover Defender Roof Rails",,,29999,0,ACCESSORIES,2025-11-20T10:14:23.263Z
691eeb84188567ad038a6dc3,"Land Rover Defender Roof Rails",,,29999,0,ACCESSORIES,2025-11-20T10:20:52.423Z
691eea7bd807d09a682b599b,"Land Rover Defender Side Storage Box",,,33280,0,ACCESSORIES,2025-11-20T10:16:27.702Z
691eecac188567ad038a792e,"Land Rover Defender Side Storage Box",,,33280,0,ACCESSORIES,2025-11-20T10:25:48.090Z
691ee9ddd807d09a682b4aa1,"M.A.R.K Sports Universal Cross bar and Roof box COMBO",,,0,0,ACCESSORIES,2025-11-20T10:13:49.900Z
691eeb45188567ad038a6adf,"M.A.R.K Sports Universal Cross bar and Roof box COMBO",,,0,0,ACCESSORIES,2025-11-20T10:19:49.125Z
691ee9dfd807d09a682b4ae9,"Mahindra Thar 2020 Overhead Storage Net",,,1800,0,ACCESSORIES,2025-11-20T10:13:51.586Z
691eeb4b188567ad038a6b22,"Mahindra Thar 2020 Overhead Storage Net",,,1800,0,ACCESSORIES,2025-11-20T10:19:55.613Z
691ee9e0d807d09a682b4afb,"Mahindra Thar 2020 Roll Bar Cage Storage Bag",,,0,0,ACCESSORIES,2025-11-20T10:13:52.250Z
691eeb4c188567ad038a6b34,"Mahindra Thar 2020 Roll Bar Cage Storage Bag",,,0,0,ACCESSORIES,2025-11-20T10:19:56.006Z
691ee9e0d807d09a682b4b01,"Mahindra Thar 2020 Waterproof Canvas Seat Cover",,,0,0,ACCESSORIES,2025-11-20T10:13:52.427Z
691eeb4c188567ad038a6b3a,"Mahindra Thar 2020 Waterproof Canvas Seat Cover",,,0,0,ACCESSORIES,2025-11-20T10:19:56.206Z
691eeaa1d807d09a682b5caa,"Mahindra Thar Automatic Side Steps",,,49700,0,ACCESSORIES,2025-11-20T10:17:05.557Z
691eecfd188567ad038a7c1d,"Mahindra Thar Automatic Side Steps",,,49700,0,ACCESSORIES,2025-11-20T10:27:09.114Z
691eea6cd807d09a682b57ef,"Mahindra Thar Stepney Cover with Linex Coating and Metal Handle",,,8800,0,ACCESSORIES,2025-11-20T10:16:12.303Z
691eec86188567ad038a7798,"Mahindra Thar Stepney Cover with Linex Coating and Metal Handle",,,8800,0,ACCESSORIES,2025-11-20T10:25:10.538Z
691eea8cd807d09a682b5b32,"OUTLANDER Matrix Model Roof Rack with LED Lights",,,68500,0,ACCESSORIES,2025-11-20T10:16:44.046Z
691eecd8188567ad038a7ab0,"OUTLANDER Matrix Model Roof Rack with LED Lights",,,68500,0,ACCESSORIES,2025-11-20T10:26:32.921Z
691eea9ad807d09a682b5c47,"Original Carbon Fiber Gear Knob Cover for Toyota Hilux & Fortuner",,,0,0,ACCESSORIES,2025-11-20T10:16:58.248Z
691eecf3188567ad038a7bbe,"Original Carbon Fiber Gear Knob Cover for Toyota Hilux & Fortuner",,,0,0,ACCESSORIES,2025-11-20T10:26:59.024Z
691eea6dd807d09a682b581c,"Overland Manual Roller Shutter For Toyota Hilux",,,95000,0,ACCESSORIES,2025-11-20T10:16:13.321Z
691eec8b188567ad038a77c2,"Overland Manual Roller Shutter For Toyota Hilux",,,95000,0,ACCESSORIES,2025-11-20T10:25:15.113Z
691eea23d807d09a682b506d,"Pharaoh 3D Floor Mats",,,16490,0,ACCESSORIES,2025-11-20T10:14:59.570Z
691eebcb188567ad038a7062,"Pharaoh 3D Floor Mats",,,16490,0,ACCESSORIES,2025-11-20T10:22:03.647Z
691eea6cd807d09a682b580c,"ProMan Hilux Roll Bar",,,0,0,ACCESSORIES,2025-11-20T10:16:12.927Z
691eec8a188567ad038a77b4,"ProMan Hilux Roll Bar",,,0,0,ACCESSORIES,2025-11-20T10:25:14.814Z
691eea88d807d09a682b5a9b,"Proman Grab Handle for Mahindra Thar 2020+",,,0,0,ACCESSORIES,2025-11-20T10:16:40.218Z
691eeccc188567ad038a7a1f,"Proman Grab Handle for Mahindra Thar 2020+",,,0,0,ACCESSORIES,2025-11-20T10:26:20.673Z
691eea63d807d09a682b5700,"Rear Ladder for Suzuki Jimny",,,4000,0,ACCESSORIES,2025-11-20T10:16:03.085Z
691eec72188567ad038a76b9,"Rear Ladder for Suzuki Jimny",,,4000,0,ACCESSORIES,2025-11-20T10:24:50.011Z
691eea00d807d09a682b4de4,"Revolution tail gate lid/cover for Hilux",,,12100,0,ACCESSORIES,2025-11-20T10:14:24.510Z
691eeb85188567ad038a6df9,"Revolution tail gate lid/cover for Hilux",,,12100,0,ACCESSORIES,2025-11-20T10:20:53.408Z
691eea66d807d09a682b579c,"Roof Rail for Isuzu",,,7500,0,ACCESSORIES,2025-11-20T10:16:06.315Z
691eec80188567ad038a774c,"Roof Rail for Isuzu",,,7500,0,ACCESSORIES,2025-11-20T10:25:04.726Z
691eea18d807d09a682b4fe3,"Roof cross bar for small cars",,,4500,0,ACCESSORIES,2025-11-20T10:14:48.424Z
691eebbc188567ad038a6fe5,"Roof cross bar for small cars",,,4500,0,ACCESSORIES,2025-11-20T10:21:48.011Z
691eea66d807d09a682b57a4,"SOFT Cover for Isuzu",,,17000,0,ACCESSORIES,2025-11-20T10:16:06.637Z
691eec81188567ad038a7754,"SOFT Cover for Isuzu",,,17000,0,ACCESSORIES,2025-11-20T10:25:05.072Z
691ee9f3d807d09a682b4c99,"Stepney Cover for Mahindra Thar ROXX",,,0,0,ACCESSORIES,2025-11-20T10:14:11.437Z
691eeb6c188567ad038a6cbc,"Stepney Cover for Mahindra Thar ROXX",,,0,0,ACCESSORIES,2025-11-20T10:20:28.717Z
691eea62d807d09a682b56d7,"Suzuki Jimny ABS Side Steps",,,13499,0,ACCESSORIES,2025-11-20T10:16:02.037Z
691eec69188567ad038a7693,"Suzuki Jimny ABS Side Steps",,,13499,0,ACCESSORIES,2025-11-20T10:24:41.604Z
691eea67d807d09a682b57b4,"Toyota Hilux ABS Roll Bar",,,29700,0,ACCESSORIES,2025-11-20T10:16:07.143Z
691eec81188567ad038a7764,"Toyota Hilux ABS Roll Bar",,,29700,0,ACCESSORIES,2025-11-20T10:25:05.617Z
691eeaabd807d09a682b5dad,"Toyota Hilux Assault Sports Bar",,,0,0,ACCESSORIES,2025-11-20T10:17:15.445Z
691eed14188567ad038a7d1b,"Toyota Hilux Assault Sports Bar",,,0,0,ACCESSORIES,2025-11-20T10:27:32.053Z
691eeaabd807d09a682b5da4,"Toyota Hilux Option X Bed Rack System",,,166400,0,ACCESSORIES,2025-11-20T10:17:15.204Z
691eed13188567ad038a7d12,"Toyota Hilux Option X Bed Rack System",,,166400,0,ACCESSORIES,2025-11-20T10:27:31.782Z
691eeaaad807d09a682b5d9d,"Toyota Hilux Option X Sports Roll Bar",,,135680,0,ACCESSORIES,2025-11-20T10:17:14.947Z
691eed10188567ad038a7d0c,"Toyota Hilux Option X Sports Roll Bar",,,135680,0,ACCESSORIES,2025-11-20T10:27:28.028Z
691eea0dd807d09a682b4f20,"Toyota Hilux Stick-On Roof Rails",,,3850,0,ACCESSORIES,2025-11-20T10:14:37.525Z
691eeba9188567ad038a6f29,"Toyota Hilux Stick-On Roof Rails",,,3850,0,ACCESSORIES,2025-11-20T10:21:29.112Z
691eeaaad807d09a682b5d8f,"Toyota Premium Keycase For Hilux, Fortuner, & Innova Hycross",,,3840,0,ACCESSORIES,2025-11-20T10:17:14.492Z
691eed0f188567ad038a7cfe,"Toyota Premium Keycase For Hilux, Fortuner, & Innova Hycross",,,3840,0,ACCESSORIES,2025-11-20T10:27:27.491Z
691eea57d807d09a682b55fb,"Tri-Fold Cover for Toyota Hilux – Durable, Weather-Resistant Bed Cover",HILUX-TRI-FLD-001,,47000,0,ACCESSORIES,2025-11-20T10:15:51.816Z
691eea66d807d09a682b57a0,"Trifold Deck Cover for Isuzu",,,40000,0,ACCESSORIES,2025-11-20T10:16:06.485Z
691eec80188567ad038a7750,"Trifold Deck Cover for Isuzu",,,40000,0,ACCESSORIES,2025-11-20T10:25:04.892Z
691eea6fd807d09a682b586d,"Volkswagen Polo Batman Style Mirror Cover",,,2990,0,ACCESSORIES,2025-11-20T10:16:15.245Z
691eec90188567ad038a7813,"Volkswagen Polo Batman Style Mirror Cover",,,2990,0,ACCESSORIES,2025-11-20T10:25:20.850Z
691eea59d807d09a682b5627,"armado Roll Bar for Toyota Hilux",,,58500,0,ACCESSORIES,2025-11-20T10:15:53.016Z
691eec57188567ad038a75e9,"armado Roll Bar for Toyota Hilux",,,58500,0,ACCESSORIES,2025-11-20T10:24:23.577Z
691eea62d807d09a682b56e4,"automatic Electric Roller Shutter for Toyota Hilux",,,92000,0,ACCESSORIES,2025-11-20T10:16:02.298Z
691eec71188567ad038a769f,"automatic Electric Roller Shutter for Toyota Hilux",,,92000,0,ACCESSORIES,2025-11-20T10:24:49.203Z
691ee9f9d807d09a682b4cd2,"floor mat for Hilux",,,7999,0,ACCESSORIES,2025-11-20T10:14:17.442Z
691eeb71188567ad038a6cf4,"floor mat for Hilux",,,7999,0,ACCESSORIES,2025-11-20T10:20:33.870Z
691eea18d807d09a682b4fdf,"heavy SUV cross Bar",,,5100,0,ACCESSORIES,2025-11-20T10:14:48.267Z
691eebbb188567ad038a6fe1,"heavy SUV cross Bar",,,5100,0,ACCESSORIES,2025-11-20T10:21:47.812Z
