Live Site Product Name,Live Site SKU,Live Site Price,Local Product Name,Local SKU,Local Price,Match Status,Notes
"12th Gen Universal Carbon Fibre Rear Spoiler for Sedan (High Bracket)",,,"12th Gen Universal Carbon Fibre Rear Spoiler for Sedan (High Bracket)",,5500,To verify,
"12th Gen Universal Carbon Fibre Rear Spoiler for Sedan (High Bracket)",,,"12th Gen Universal Carbon Fibre Rear Spoiler for Sedan (High Bracket)",,5500,To verify,
"13 gen universal carbon fibre rear spoiler for sedan",,,"13 gen universal carbon fibre rear spoiler for sedan",,6500,To verify,
"13 gen universal carbon fibre rear spoiler for sedan",,,"13 gen universal carbon fibre rear spoiler for sedan",,6500,To verify,
"3 Generation Universal Rear Spoiler for Hatchback Cars",,,"3 Generation Universal Rear Spoiler for Hatchback Cars",,3990,To verify,
"3 Generation Universal Rear Spoiler for Hatchback Cars",,,"3 Generation Universal Rear Spoiler for Hatchback Cars",,3990,To verify,
"Armando Style Hilux Rear Bumper – Premium Rear Protection for Off-Road Use",,,"Armando Style Hilux Rear Bumper – Premium Rear Protection for Off-Road Use",,53100,To verify,
"Armando Style Hilux Rear Bumper – Premium Rear Protection for Off-Road Use",,,"Armando Style Hilux Rear Bumper – Premium Rear Protection for Off-Road Use",,53100,To verify,
"Armando Style Hilux Rear Bumper – Premium Rear Protection for Off-Road Use",,,"Armando Style Hilux Rear Bumper – Premium Rear Protection for Off-Road Use",,53100,To verify,
"BAT front bumper",,,"BAT front bumper",,38000,To verify,
"BAT front bumper",,,"BAT front bumper",,38000,To verify,
"Bonnet Scoop for Toyota Fortuner Type 2 & 3",,,"Bonnet Scoop for Toyota Fortuner Type 2 & 3",,14999,To verify,
"Bonnet Scoop for Toyota Fortuner Type 2 & 3",,,"Bonnet Scoop for Toyota Fortuner Type 2 & 3",,14999,To verify,
"Bullhorn Wrangler Bumper With Space Cover For Mahindra Thar",,,"Bullhorn Wrangler Bumper With Space Cover For Mahindra Thar",,30720,To verify,
"Bullhorn Wrangler Bumper With Space Cover For Mahindra Thar",,,"Bullhorn Wrangler Bumper With Space Cover For Mahindra Thar",,30720,To verify,
"Center spoiler garnish for Toyota Hycross",,,"Center spoiler garnish for Toyota Hycross",,7500,To verify,
"Center spoiler garnish for Toyota Hycross",,,"Center spoiler garnish for Toyota Hycross",,7500,To verify,
"Chrome Rear Bumper for Isuzu D-MAX",,,"Chrome Rear Bumper for Isuzu D-MAX",,13990,To verify,
"Chrome Rear Bumper for Isuzu D-MAX",,,"Chrome Rear Bumper for Isuzu D-MAX",,13990,To verify,
"Creta 2024 N-Line RS style grill",,,"Creta 2024 N-Line RS style grill",,9500,To verify,
"Creta 2024 N-Line RS style grill",,,"Creta 2024 N-Line RS style grill",,9500,To verify,
"FORD MUSTANG CARBON FIBER BONNET ENGINE HOOD COVER 2015-2017",,,"FORD MUSTANG CARBON FIBER BONNET ENGINE HOOD COVER 2015-2017",,129899,To verify,
"FORD MUSTANG CARBON FIBER BONNET ENGINE HOOD COVER 2015-2017",,,"FORD MUSTANG CARBON FIBER BONNET ENGINE HOOD COVER 2015-2017",,129899,To verify,
"Fender Flares for Toyota Hilux",,,"Fender Flares for Toyota Hilux",,11880,To verify,
"Fender Flares for Toyota Hilux",,,"Fender Flares for Toyota Hilux",,11880,To verify,
"Fire4X4 Front Bumper for Toyota Hilux",,,"Fire4X4 Front Bumper for Toyota Hilux",,105000,To verify,
"Fire4X4 Front Bumper for Toyota Hilux",,,"Fire4X4 Front Bumper for Toyota Hilux",,105000,To verify,
"Ford Endeavour 2016-2021 Illuminated Front Grill",,,"Ford Endeavour 2016-2021 Illuminated Front Grill",,10500,To verify,
"Ford Endeavour 2016-2021 Illuminated Front Grill",,,"Ford Endeavour 2016-2021 Illuminated Front Grill",,10500,To verify,
"Front Bumper Grill for Mercedes C-Class W205 2014–2019 – AMG Style Black (No Camera Hole)",,,"Front Bumper Grill for Mercedes C-Class W205 2014–2019 – AMG Style Black (No Camera Hole)",,8999,To verify,
"Front Bumper Grill for Mercedes C-Class W205 2014–2019 – AMG Style Black (No Camera Hole)",,,"Front Bumper Grill for Mercedes C-Class W205 2014–2019 – AMG Style Black (No Camera Hole)",,8999,To verify,
"Front Grill for Volkswagen Polo GTi",,,"Front Grill for Volkswagen Polo GTi",,5900,To verify,
"Front Grill for Volkswagen Polo GTi",,,"Front Grill for Volkswagen Polo GTi",,5900,To verify,
"GR grill for Toyota Innova Type 4",,,"GR grill for Toyota Innova Type 4",,7700,To verify,
"GR grill for Toyota Innova Type 4",,,"GR grill for Toyota Innova Type 4",,7700,To verify,
"GR style spoiler for fortuner type 3 and type 4",,,"GR style spoiler for fortuner type 3 and type 4",,0,To verify,
"GR style spoiler for fortuner type 3 and type 4",,,"GR style spoiler for fortuner type 3 and type 4",,0,To verify,
"GTR Design front grill for maruti suzuki ertiga 2018 onwards",,,"GTR Design front grill for maruti suzuki ertiga 2018 onwards",,5850,To verify,
"GTR Design front grill for maruti suzuki ertiga 2018 onwards",,,"GTR Design front grill for maruti suzuki ertiga 2018 onwards",,5850,To verify,
"Hamer King series Front bumper for suzuki jimny",,,"Hamer King series Front bumper for suzuki jimny",,95000,To verify,
"Hamer King series Front bumper for suzuki jimny",,,"Hamer King series Front bumper for suzuki jimny",,95000,To verify,
"IRONMAN - Side Steps-Dimple Step Design For Toyota Hilux",,,"IRONMAN - Side Steps-Dimple Step Design For Toyota Hilux",,115945,To verify,
"IRONMAN - Side Steps-Dimple Step Design For Toyota Hilux",,,"IRONMAN - Side Steps-Dimple Step Design For Toyota Hilux",,115945,To verify,
"Imported Front Metal Bumper For Toyota Hilux",,,"Imported Front Metal Bumper For Toyota Hilux",,96000,To verify,
"Imported Front Metal Bumper For Toyota Hilux",,,"Imported Front Metal Bumper For Toyota Hilux",,96000,To verify,
"Imported Rear Metal Bumper For Toyota Hilux",,,"Imported Rear Metal Bumper For Toyota Hilux",HLX-CSTM-RRLBR,70400,To verify,
"Ironman 4×4 Raid Series Bull Bar for Toyota Hilux",,,"Ironman 4×4 Raid Series Bull Bar for Toyota Hilux",,235500,To verify,
"Ironman 4×4 Raid Series Bull Bar for Toyota Hilux",,,"Ironman 4×4 Raid Series Bull Bar for Toyota Hilux",,235500,To verify,
"Isuzu - ABS Plastic Fender Flares",,,"Isuzu - ABS Plastic Fender Flares",,18990,To verify,
"Isuzu - ABS Plastic Fender Flares",,,"Isuzu - ABS Plastic Fender Flares",,18990,To verify,
"Isuzu - Fender Flares Rivit style",,,"Isuzu - Fender Flares Rivit style",,18990,To verify,
"Isuzu - Fender Flares Rivit style",,,"Isuzu - Fender Flares Rivit style",,18990,To verify,
"JSK STYLE CARBON FIBER HOOD BONNET for 2019-2021 BMW 3 SERIES G20",,,"JSK STYLE CARBON FIBER HOOD BONNET for 2019-2021 BMW 3 SERIES G20",,149998,To verify,
"JSK STYLE CARBON FIBER HOOD BONNET for 2019-2021 BMW 3 SERIES G20",,,"JSK STYLE CARBON FIBER HOOD BONNET for 2019-2021 BMW 3 SERIES G20",,149998,To verify,
"Jeep Wrangler Front Bumper",,,"Jeep Wrangler Front Bumper",,73600,To verify,
"Jeep Wrangler Front Bumper",,,"Jeep Wrangler Front Bumper",,73600,To verify,
"Jeep Wrangler Grill",,,"Jeep Wrangler Grill",,26000,To verify,
"Jeep Wrangler Grill",,,"Jeep Wrangler Grill",,26000,To verify,
"Jeep wrangler rear bumper",,,"Jeep wrangler rear bumper",,56450,To verify,
"Jeep wrangler rear bumper",,,"Jeep wrangler rear bumper",,56450,To verify,
"Kahn Design Carbon Fiber Bonnet Hood For Land Rover Defender (2020+)",,,"Kahn Design Carbon Fiber Bonnet Hood For Land Rover Defender (2020+)",,135000,To verify,
"Kahn Design Carbon Fiber Bonnet Hood For Land Rover Defender (2020+)",,,"Kahn Design Carbon Fiber Bonnet Hood For Land Rover Defender (2020+)",,135000,To verify,
"Land Rover Defender 110 (2020-2023) Body Protection Plate Patch",,,"Land Rover Defender 110 (2020-2023) Body Protection Plate Patch",,26880,To verify,
"Land Rover Defender 110 (2020-2023) Body Protection Plate Patch",,,"Land Rover Defender 110 (2020-2023) Body Protection Plate Patch",,26880,To verify,
"MP Style Dry Carbon Fiber Racing Spoiler for BMW M2, M3, M4 (G87, G80, G82 | 2020-Present)",,,"MP Style Dry Carbon Fiber Racing Spoiler for BMW M2, M3, M4 (G87, G80, G82 | 2020-Present)",,78999,To verify,
"MP Style Dry Carbon Fiber Racing Spoiler for BMW M2, M3, M4 (G87, G80, G82 | 2020-Present)",,,"MP Style Dry Carbon Fiber Racing Spoiler for BMW M2, M3, M4 (G87, G80, G82 | 2020-Present)",,78999,To verify,
"MP Style Glossy Black Trunk Spoiler for BMW 7 Series F02 (2009-2014) | AR-BMW-084",,,"MP Style Glossy Black Trunk Spoiler for BMW 7 Series F02 (2009-2014) | AR-BMW-084",,6399,To verify,
"MP Style Glossy Black Trunk Spoiler for BMW 7 Series F02 (2009-2014) | AR-BMW-084",,,"MP Style Glossy Black Trunk Spoiler for BMW 7 Series F02 (2009-2014) | AR-BMW-084",,6399,To verify,
"Mahindra Thar - Bullhorn V2 Bumper",,,"Mahindra Thar - Bullhorn V2 Bumper",,36480,To verify,
"Mahindra Thar - Bullhorn V2 Bumper",,,"Mahindra Thar - Bullhorn V2 Bumper",,36480,To verify,
"Mahindra Thar - ProMan Metal Modular Bumper - Mark 2",,,"Mahindra Thar - ProMan Metal Modular Bumper - Mark 2",,38990,To verify,
"Mahindra Thar - ProMan Metal Modular Bumper - Mark 2",,,"Mahindra Thar - ProMan Metal Modular Bumper - Mark 2",,38990,To verify,
"Mahindra Thar 4 LED Front Grill",,,"Mahindra Thar 4 LED Front Grill",,9598,To verify,
"Mahindra Thar 4 LED Front Grill",,,"Mahindra Thar 4 LED Front Grill",,9598,To verify,
"Mahindra Thar Grill Bullhorn 2024 Style",,,"Mahindra Thar Grill Bullhorn 2024 Style",,0,To verify,
"Mahindra Thar Grill Bullhorn 2024 Style",,,"Mahindra Thar Grill Bullhorn 2024 Style",,0,To verify,
"Mahindra Thar ROXX Wrangler Style Spoiler",,,"Mahindra Thar ROXX Wrangler Style Spoiler",,8900,To verify,
"Mahindra Thar ROXX Wrangler Style Spoiler",,,"Mahindra Thar ROXX Wrangler Style Spoiler",,8900,To verify,
"Mahindra Thar Roxx Front Grill",,,"Mahindra Thar Roxx Front Grill",,7500,To verify,
"Mahindra Thar Roxx Front Grill",,,"Mahindra Thar Roxx Front Grill",,7500,To verify,
"Maruti Suzuki Brezza 2022 RS Grill",,,"Maruti Suzuki Brezza 2022 RS Grill",,6100,To verify,
"Maruti Suzuki Brezza 2022 RS Grill",,,"Maruti Suzuki Brezza 2022 RS Grill",,6100,To verify,
"Mercedes A-Class W176 front bumper grill",,,"Mercedes A-Class W176 front bumper grill",,16900,To verify,
"Mercedes A-Class W176 front bumper grill",,,"Mercedes A-Class W176 front bumper grill",,16900,To verify,
"Monster Style Rear Spoiler for Suzuki Swift 2018–2024",,,"Monster Style Rear Spoiler for Suzuki Swift 2018–2024",,7680,To verify,
"Monster Style Rear Spoiler for Suzuki Swift 2018–2024",,,"Monster Style Rear Spoiler for Suzuki Swift 2018–2024",,7680,To verify,
"Oettinger Style Glossy Black Roof Spoiler Wing for BMW X5 F15 (2014-2019) | AR-BMW-054",,,"Oettinger Style Glossy Black Roof Spoiler Wing for BMW X5 F15 (2014-2019) | AR-BMW-054",,12499,To verify,
"Oettinger Style Glossy Black Roof Spoiler Wing for BMW X5 F15 (2014-2019) | AR-BMW-054",,,"Oettinger Style Glossy Black Roof Spoiler Wing for BMW X5 F15 (2014-2019) | AR-BMW-054",,12499,To verify,
"Overland Bumper for New Thar ROXX",,,"Overland Bumper for New Thar ROXX",,37500,To verify,
"Overland Bumper for New Thar ROXX",,,"Overland Bumper for New Thar ROXX",,37500,To verify,
"P Style Glossy Black Trunk Spoiler for BMW 3 Series E92 (2006-2012) | AR-BMW-009",,,"P Style Glossy Black Trunk Spoiler for BMW 3 Series E92 (2006-2012) | AR-BMW-009",,5999,To verify,
"P Style Glossy Black Trunk Spoiler for BMW 3 Series E92 (2006-2012) | AR-BMW-009",,,"P Style Glossy Black Trunk Spoiler for BMW 3 Series E92 (2006-2012) | AR-BMW-009",,5999,To verify,
"Polo oettinger carbon spoiler",,,"Polo oettinger carbon spoiler",,9500,To verify,
"Polo oettinger carbon spoiler",,,"Polo oettinger carbon spoiler",,9500,To verify,
"Predator Style Front Grill For Mahindra Thar",,,"Predator Style Front Grill For Mahindra Thar",,0,To verify,
"Predator Style Front Grill For Mahindra Thar",,,"Predator Style Front Grill For Mahindra Thar",,0,To verify,
"ProMan Mark 3 Bumper for Mahindra Thar",,,"ProMan Mark 3 Bumper for Mahindra Thar",,42900,To verify,
"ProMan Mark 3 Bumper for Mahindra Thar",,,"ProMan Mark 3 Bumper for Mahindra Thar",,42900,To verify,
"Proman Front Modular Bumper for Maruti Suzuki Jimny",,,"Proman Front Modular Bumper for Maruti Suzuki Jimny",,34900,To verify,
"Proman Front Modular Bumper for Maruti Suzuki Jimny",,,"Proman Front Modular Bumper for Maruti Suzuki Jimny",,34900,To verify,
"Proman metal Bumper for THAR ROXX",,,"Proman metal Bumper for THAR ROXX",,39900,To verify,
"Proman metal Bumper for THAR ROXX",,,"Proman metal Bumper for THAR ROXX",,39900,To verify,
"Proman rear bumper for thar roxx",,,"Proman rear bumper for thar roxx",,43900,To verify,
"Proman rear bumper for thar roxx",,,"Proman rear bumper for thar roxx",,43900,To verify,
"REAL Carbon FiberSpoiler Wing for BMW G20 G80 G22 G82 F80 F82 MP Style",,,"REAL Carbon FiberSpoiler Wing for BMW G20 G80 G22 G82 F80 F82 MP Style",,59998,To verify,
"REAL Carbon FiberSpoiler Wing for BMW G20 G80 G22 G82 F80 F82 MP Style",,,"REAL Carbon FiberSpoiler Wing for BMW G20 G80 G22 G82 F80 F82 MP Style",,59998,To verify,
"Rear Trunk Spoiler Compatible with Mercedes C Class Coupe  W205 2014-2020",,,"Rear Trunk Spoiler Compatible with Mercedes C Class Coupe  W205 2014-2020",,6899,To verify,
"Rear Trunk Spoiler Compatible with Mercedes C Class Coupe  W205 2014-2020",,,"Rear Trunk Spoiler Compatible with Mercedes C Class Coupe  W205 2014-2020",,6899,To verify,
"Retractable Rear Bumper Foot T-step For Toyota Hilux (1pcs)",,,"Retractable Rear Bumper Foot T-step For Toyota Hilux (1pcs)",,17500,To verify,
"Retractable Rear Bumper Foot T-step For Toyota Hilux (1pcs)",,,"Retractable Rear Bumper Foot T-step For Toyota Hilux (1pcs)",,17500,To verify,
"Roof Rear Spoiler-Mercedes‑Benz C‑Class W206  (2022+)",,,"Roof Rear Spoiler-Mercedes‑Benz C‑Class W206  (2022+)",,6930,To verify,
"Roof Rear Spoiler-Mercedes‑Benz C‑Class W206  (2022+)",,,"Roof Rear Spoiler-Mercedes‑Benz C‑Class W206  (2022+)",,6930,To verify,
"Roof Trunk Rear Spoiler Compatible with Mercedes Gt Amg Coupe X290 2018-2022",,,"Roof Trunk Rear Spoiler Compatible with Mercedes Gt Amg Coupe X290 2018-2022",,6680,To verify,
"Roof Trunk Rear Spoiler Compatible with Mercedes Gt Amg Coupe X290 2018-2022",,,"Roof Trunk Rear Spoiler Compatible with Mercedes Gt Amg Coupe X290 2018-2022",,6680,To verify,
"Rubicon Bumper With Addon – Winch Cover, Bullbar Spacecover & Fr Underbody For Mahindra Thar",,,"Rubicon Bumper With Addon – Winch Cover, Bullbar Spacecover & Fr Underbody For Mahindra Thar",,57600,To verify,
"Rubicon Bumper With Addon – Winch Cover, Bullbar Spacecover & Fr Underbody For Mahindra Thar",,,"Rubicon Bumper With Addon – Winch Cover, Bullbar Spacecover & Fr Underbody For Mahindra Thar",,57600,To verify,
"Sporty ABS Hatchback Spoiler for Glanza/Baleno/Swift/Fronx",,,"Sporty ABS Hatchback Spoiler for Glanza/Baleno/Swift/Fronx",,6000,To verify,
"Sporty ABS Hatchback Spoiler for Glanza/Baleno/Swift/Fronx",,,"Sporty ABS Hatchback Spoiler for Glanza/Baleno/Swift/Fronx",,6000,To verify,
"Suzuki Jimny Spoiler",,,"Suzuki Jimny Spoiler",,6700,To verify,
"Suzuki Jimny Spoiler",,,"Suzuki Jimny Spoiler",,6700,To verify,
"TRD style rear spoiler for Fortuner Type 1,Type 2",,,"TRD style rear spoiler for Fortuner Type 1,Type 2",,0,To verify,
"TRD style rear spoiler for Fortuner Type 1,Type 2",,,"TRD style rear spoiler for Fortuner Type 1,Type 2",,0,To verify,
"TRUNK WING REAR SPOILER FOR FORD MUSTANG 2015-2021 OF GT 500 (GLOSSY BLACK)",,,"TRUNK WING REAR SPOILER FOR FORD MUSTANG 2015-2021 OF GT 500 (GLOSSY BLACK)",,8998,To verify,
"TRUNK WING REAR SPOILER FOR FORD MUSTANG 2015-2021 OF GT 500 (GLOSSY BLACK)",,,"TRUNK WING REAR SPOILER FOR FORD MUSTANG 2015-2021 OF GT 500 (GLOSSY BLACK)",,8998,To verify,
"TRUNK WING REAR SPOILER FOR FORD MUSTANG 2015-2021 OF VICREZ GT 500 (GLOSSY BLACK)",,,"TRUNK WING REAR SPOILER FOR FORD MUSTANG 2015-2021 OF VICREZ GT 500 (GLOSSY BLACK)",,23998,To verify,
"TRUNK WING REAR SPOILER FOR FORD MUSTANG 2015-2021 OF VICREZ GT 500 (GLOSSY BLACK)",,,"TRUNK WING REAR SPOILER FOR FORD MUSTANG 2015-2021 OF VICREZ GT 500 (GLOSSY BLACK)",,23998,To verify,
"Toyota Fortuner (2004-2011) Type 1 GR grill",,,"Toyota Fortuner (2004-2011) Type 1 GR grill",,8400,To verify,
"Toyota Fortuner (2004-2011) Type 1 GR grill",,,"Toyota Fortuner (2004-2011) Type 1 GR grill",,8400,To verify,
"Toyota Fortuner 2016 TRD Grill",,,"Toyota Fortuner 2016 TRD Grill",,12032,To verify,
"Toyota Fortuner 2016 TRD Grill",,,"Toyota Fortuner 2016 TRD Grill",,12032,To verify,
"Toyota Fortuner 2021 TRD Grill",,,"Toyota Fortuner 2021 TRD Grill",,12900,To verify,
"Toyota Fortuner 2021 TRD Grill",,,"Toyota Fortuner 2021 TRD Grill",,12900,To verify,
"Toyota Fortuner Type1 Prado Style Front Grill",,,"Toyota Fortuner Type1 Prado Style Front Grill",,11900,To verify,
"Toyota Fortuner Type1 Prado Style Front Grill",,,"Toyota Fortuner Type1 Prado Style Front Grill",,11900,To verify,
"Toyota Fortuner [2012-2016] Type2 GR Grill",,,"Toyota Fortuner [2012-2016] Type2 GR Grill",GR-GRILL-FTYPE2,7950,To verify,
"Toyota Hilux - ABS Plastic Fender Flares",,,"Toyota Hilux - ABS Plastic Fender Flares",,26880,To verify,
"Toyota Hilux - ABS Plastic Fender Flares",,,"Toyota Hilux - ABS Plastic Fender Flares",,26880,To verify,
"Toyota Hilux - Fender Flares Rivit",,,"Toyota Hilux - Fender Flares Rivit",,19500,To verify,
"Toyota Hilux - Fender Flares Rivit",,,"Toyota Hilux - Fender Flares Rivit",,19500,To verify,
"Toyota Hilux Front Bumper Protection Bar",,,"Toyota Hilux Front Bumper Protection Bar",,21450,To verify,
"Toyota Hilux Front Bumper Protection Bar",,,"Toyota Hilux Front Bumper Protection Bar",,21450,To verify,
"Toyota Hilux Revo style fender flares",,,"Toyota Hilux Revo style fender flares",,18500,To verify,
"Toyota Hilux Revo style fender flares",,,"Toyota Hilux Revo style fender flares",,18500,To verify,
"Toyota Hilux TRD Grill With Marker LED",,,"Toyota Hilux TRD Grill With Marker LED",,16000,To verify,
"Toyota Hilux TRD Grill With Marker LED",,,"Toyota Hilux TRD Grill With Marker LED",,16000,To verify,
"Toyota Innova Hycross 2023 GR Sports Grill",,,"Toyota Innova Hycross 2023 GR Sports Grill",,12160,To verify,
"Toyota Innova Hycross 2023 GR Sports Grill",,,"Toyota Innova Hycross 2023 GR Sports Grill",,12160,To verify,
"Toyota Innova HycrossV.2 grill",,,"Toyota Innova HycrossV.2 grill",,14900,To verify,
"Toyota Innova HycrossV.2 grill",,,"Toyota Innova HycrossV.2 grill",,14900,To verify,
"Universal Sedan Spoiler - Black",,,"Universal Sedan Spoiler - Black",,14080,To verify,
"Universal Sedan Spoiler - Black",,,"Universal Sedan Spoiler - Black",,14080,To verify,
"Universal-4 Spoiler",,,"Universal-4 Spoiler",,18900,To verify,
"Universal-4 Spoiler",,,"Universal-4 Spoiler",,18900,To verify,
"Volkswagen Polo GT Style Rear Spoiler",,,"Volkswagen Polo GT Style Rear Spoiler",,3799,To verify,
"Volkswagen Polo GT Style Rear Spoiler",,,"Volkswagen Polo GT Style Rear Spoiler",,3799,To verify,
"Volkswagen Polo GTI style spoiler",,,"Volkswagen Polo GTI style spoiler",,3200,To verify,
"Volkswagen Polo GTI style spoiler",,,"Volkswagen Polo GTI style spoiler",,3200,To verify,
"Volkswagen Polo oettinger spoiler",,,"Volkswagen Polo oettinger spoiler",,5800,To verify,
"Volkswagen Polo oettinger spoiler",,,"Volkswagen Polo oettinger spoiler",,5800,To verify,
"W213 LCI Front Grill for Mercedes E-Class 2021-2023",,,"W213 LCI Front Grill for Mercedes E-Class 2021-2023",,13299,To verify,
"W213 LCI Front Grill for Mercedes E-Class 2021-2023",,,"W213 LCI Front Grill for Mercedes E-Class 2021-2023",,13299,To verify,
"Wrangler 2024 Style Imported ABS Grill For Mahindra Thar",,,"Wrangler 2024 Style Imported ABS Grill For Mahindra Thar",,7499,To verify,
"Wrangler 2024 Style Imported ABS Grill For Mahindra Thar",,,"Wrangler 2024 Style Imported ABS Grill For Mahindra Thar",,7499,To verify,
"Wrangler 7Slot Style Imported ABS Grill For Mahindra Thar",,,"Wrangler 7Slot Style Imported ABS Grill For Mahindra Thar",,0,To verify,
"Wrangler 7Slot Style Imported ABS Grill For Mahindra Thar",,,"Wrangler 7Slot Style Imported ABS Grill For Mahindra Thar",,0,To verify,
"Wrangler style hood for mahindra thar and thar roxx",,,"Wrangler style hood for mahindra thar and thar roxx",,42300,To verify,
"Wrangler style hood for mahindra thar and thar roxx",,,"Wrangler style hood for mahindra thar and thar roxx",,42300,To verify,
"hamer Rear bumper for suzuki jimny",,,"hamer Rear bumper for suzuki jimny",,57500,To verify,
"hamer Rear bumper for suzuki jimny",,,"hamer Rear bumper for suzuki jimny",,57500,To verify,
"ironman Raid Rear Bumper Kit Suited for Jeep Wrangler JL/JLU",,,"ironman Raid Rear Bumper Kit Suited for Jeep Wrangler JL/JLU",,150989,To verify,
"ironman Raid Rear Bumper Kit Suited for Jeep Wrangler JL/JLU",,,"ironman Raid Rear Bumper Kit Suited for Jeep Wrangler JL/JLU",,150989,To verify,
"ironman full Rear Bumper Replacement with side tubes",,,"ironman full Rear Bumper Replacement with side tubes",,162328,To verify,
"ironman full Rear Bumper Replacement with side tubes",,,"ironman full Rear Bumper Replacement with side tubes",,162328,To verify,
"universal sedan spoiler-carbon dip",,,"universal sedan spoiler-carbon dip",,14080,To verify,
"universal sedan spoiler-carbon dip",,,"universal sedan spoiler-carbon dip",,14080,To verify,
"universal-007 spoiler",,,"universal-007 spoiler",,7998,To verify,
"universal-007 spoiler",,,"universal-007 spoiler",,7998,To verify,
"universal-022 spoiler-black",,,"universal-022 spoiler-black",,9998,To verify,
"universal-022 spoiler-black",,,"universal-022 spoiler-black",,9998,To verify,
